book_id,title,isbn
324,Fangirl,9781250030962
566,"After You (Me Before You, #2)",
1658,"Tangled (Tangled, #1)",
3666,"Just for Now (Sea Breeze, #4)",
4098,The Next Best Thing,9780857208187
4450,"If You Stay (Beautifully Broken, #1)",
4540,14,9781469298955
4652,"Devoured (Devoured, #1)",
4829,The One That Got Away,9781469228006
4918,"The Score (Off-Campus, #3)",
6111,"Defiance (Significance, #3)",
6221,"A Castle of Sand (A Shade of Vampire, #3)",9781490505770
6596,"Murder of Crows (The Others, #2)",
6771,"Fairest (An Unfortunate Fairy Tale, #2)",
7691,"Timeless (Parasol Protectorate, #5)",
7726,The House by the Lake,9781503934153
7782,Under Locke,9781953262066
8110,"Rock Chick Regret (Rock Chick, #7)",
9693,"Forever You (Forever, #2)",
9889,"Overruled (The Legal Briefs, #1)",
106,Bossypants,9781847445193
121,Lolita,
162,The Stranger,
188,"A Dance with Dragons (A Song of Ice and Fire, #5)",
203,"Beautiful Disaster (Beautiful, #1)",9782290064948
260,How to Win Friends and Influence People,9788192910994
348,We Were Liars,9781525255571
413,The Three Musketeers,9789620830150
464,Holy Bible: King James Version,9780452000414
644,"Slammed (Slammed, #1)",
718,The Sound and the Fury,9784061330405
742,"Wool Omnibus (Silo, #1)",
796,"On Dublin Street (On Dublin Street, #1)",
799,Watchers,9784167136130
812,"Fallen Too Far (Rosemary Beach, #1; Too Far, #1)",9780988301313
827,"To All the Boys I''ve Loved Before (To All the Boys I''ve Loved Before, #1)",
834,"Midnight Sun (Twilight, #1.5)",
852,When Breath Becomes Air,9789048854370
934,Waiting for Godot,9780571329656
962,"Point of Retreat (Slammed, #2)",
995,"The Unbecoming of Mara Dyer (Mara Dyer, #1)",
1062,"The Heir (The Selection, #4)",9788499189949
1110,"Maybe Someday (Maybe, #1)",
1116,"The Immortals of Meluha (Shiva Trilogy, #1)",
1130,Ugly Love,9788501105738
1139,The Tommyknockers,9785170835966
1165,"Wait for You (Wait for You, #1)",
1172,"The Opal Deception  (Artemis Fowl, #4)",
1196,"A Wind in the Door (A Wrinkle in Time Quintet, #2)",
1201,"Dead Reckoning (Sookie Stackhouse, #11)",
1205,Hard-Boiled Wonderland and the End of the World,
1219,"The Coincidence of Callie & Kayden (The Coincidence, #1)",
1308,"A Court of Mist and Fury (A Court of Thorns and Roses, #2)",
1366,"The Infinite Sea (The 5th Wave, #2)",
1372,الفيل الأزرق,
1409,The 3 Mistakes of My Life,9788129113726
1470,"This Man (This Man, #1)",
1475,الأسود يليق بك,
1512,Twelve Years a Slave,9781017018318
1559,"Rapture (Fallen, #4)",
1568,It Ends with Us,9781804228203
1628,"Wool (Wool, #1)",
1647,تراب الماس,
1651,"Ignite Me (Shatter Me, #3)",
1665,"Warbreaker (Warbreaker, #1)",
1673,"Beneath This Man (This Man, #2)",
1699,The Lake House,9780230759275
1702,"Rule (Marked Men, #1)",
1725,Alice's Adventures in Wonderland,9780394905921
1729,Seveneves,9780008132521
1753,"Reason to Breathe (Breathing, #1)",9780141348209
1773,"Reckless (Thoughtless, #3)",9781442362192
1787,هيبتا,
1837,"Shift (Silo, #2)",
1867,"The Hangman''s Daughter (The Hangman''s Daughter, #1)",
1905,"Blood Song (Raven''s Shadow, #1)",
1933,أحببتك أكثر مما ينبغي,
1935,Kindle Paperwhite User's Guide,
1947,My Sister's Grave (Tracy Crosswhite #1),
1951,"The Evolution of Mara Dyer (Mara Dyer, #2)",
1981,"Naked (The Blackstone Affair, #1)",
1983,"Breathe (Sea Breeze, #1)",
1994,"Forever Too Far (Rosemary Beach, #3; Too Far, #3)",
2027,If on a Winter's Night a Traveler,9781784878665
2033,عزازيل,
2040,"Losing Hope (Hopeless, #2)",
2082,The Qur'an / القرآن الكريم,
2100,Batman: The Dark Knight Returns #1,
2106,"This Man Confessed (This Man, #3)",
2151,Saga #1,
2178,"The Deal (Off-Campus, #1)",
2185,"Bully (Fall Away, #1)",
2191,Faeries,9780810909014
2205,Sapiens: A Brief History of Humankind,
2208,"Down to You (The Bad Boys, #1)",
2228,Solaris,9785170117741
2243,The Good Neighbor,
2273,The Butterfly Garden (The Collector #1),
2276,"In Flight (Up in the Air, #1)",
2313,"The Magician''s Land (The Magicians, #3)",
2330,"Mile High (Up in the Air, #2)",
2332,"Everything We Keep (Everything We Keep, #1)",
2333,"The Mighty Storm (The Storm, #1)",
2348,Yellow Crocus,9781477824757
2364,"The Vincent Boys (The Vincent Boys, #1)",
2395,"Never Never (Never Never, #1)",
2404,"Seraphina (Seraphina, #1)",
2412,"The Wind Through the Keyhole (The Dark Tower, #4.5)",
2437,"This Girl (Slammed, #3)",
2443,"Collide (Collide, #1)",
2450,The Sea of Tranquility,9781476730936
2502,"Notorious Nineteen (Stephanie Plum, #19)",
2509,"The Atlantis Gene (The Origin Mystery, #1)",
2517,The Spy Who Came In from the Cold,9788490327791
2554,"Monstrous Regiment (Discworld, #31; Industrial Revolution, #3)",
2562,"The Perfect Game (The Perfect Game, #1)",
7273,Wave,9780771025365
2601,The Red Pony,9780241952504
2605,"Obsidian Butterfly (Anita Blake, Vampire Hunter, #9)",
2613,We Should All Be Feminists,9780525658894
2624,Prelude to Foundation,9788497931274
2659,"Captive in the Dark (The Dark Duet, #1)",
2665,"Twisted Perfection (Rosemary Beach, #5; Perfection, #1)",
7412,Binge,9781501117701
2690,"The Short Drop (Gibson Vaughn, #1)",
2692,"Beautiful Oblivion (The Maddox Brothers, #1)",
2699,"Flat-Out Love (Flat-Out Love, #1)",
2717,Wreckage,9781501220883
2743,Nimona,9786077357766
2747,Oranges Are Not the Only Fruit,9780099598183
2748,"Grounded (Up in the Air, #3)",
2779,"All In (The Blackstone Affair, #2)",
2771,When I Found You,9780552775724
2776,"While It Lasts (Sea Breeze, #3)",
2785,"Witch & Wizard (Witch & Wizard, #1)",
2795,Archer's Voice,9781538766941
2839,War Brides,9780141027128
2868,"Existence (Existence Trilogy, #1)",
2941,"The Kiss of Deception (The Remnant Chronicles, #1)",
3004,"Crash (Crash, #1)",
3012,Maude,9781501086137
3040,"Because of Low (Sea Breeze, #2)",
3081,"Love Unrehearsed (Love, #2)",
3130,Trail of Broken Wings,9781477822081
3145,"Falling into You (Falling, #1)",
3147,"The Rithmatist (The Rithmatist, #1)",
3150,"Mystery Man (Dream Man, #1)",
3199,"Seduced in the Dark (The Dark Duet, #2)",
3201,The Warlord Wants Forever (Immortals After Dark #1),
3224,لا تحزن,
3241,"Crooked Kingdom (Six of Crows, #2)",
3251,حوار مع صديقي الملحد,
3260,"UnEnchanted (An Unfortunate Fairy Tale, #1)",
3261,"The Bedwetter: Stories of Courage, Redemption, and Pee",
3266,NARUTO -ナルト- 巻ノ四十三,
3272,com نسيان,
3288,في قلبي أنثى عبرية,9789776376441
3341,"The Bands of Mourning (Mistborn, #6)",
3371,"The Last Town (Wayward Pines, #3)",
3383,Aleph,9781410446145
3384,"Perfection (Neighbor from Hell, #2)",
3405,"Driven (Driven, #1)",
3422,"Come Away with Me (With Me in Seattle, #1)",
3426,"Taking Chances (Taking Chances, #1)",
3434,"Clash (Crash, #2)",
3438,فلتغفري,
3536,"Lady Knight (Protector of the Small, #4)",
3534,"The Broken Eye (Lightbringer, #3)",
3538,ڤيرتيجو,
3554,"Fueled (Driven, #2)",
3569,Nothing Lasts Forever,9784900430617
3576,"Out of Breath (Breathing, #3)",
3577,"The Vampire''s Assistant (Cirque Du Freak, #2)",
3589,"The Vincent Brothers (The Vincent Boys, #2)",
3633,"Pulse (Collide, #2)",
3647,"Panserhjerte (Harry Hole, #8)",
3649,"Rock Me (Ross Siblings, #2)",
3663,"Squire (Protector of the Small, #3)",9780439013192
3677,"The Gray Wolf Throne (Seven Realms, #3)",
3690,"Second Son (Jack Reacher, #15.5)",
3691,Take Me with You,9781480598034
3706,"The Opportunist (Love Me with Lies, #1)",
3732,"Beautiful Player (Beautiful Bastard, #3)",
3748,"Seduction and Snacks (Chocolate Lovers, #1)",
3752,"Poirot Investiga (Hércules Poirot, #3)",
3775,"A Game of Thrones / A Clash of Kings (A Song of Ice and Fire, #1-2)",
3816,"End of Days (Penryn & the End of Days, #3)",
3845,Guilty Wives,9781846057908
7413,Black Lies,9782755623215
3848,"Tales from a Not-So-Talented Pop Star (Dork Diaries, #3)",9781432874766
3855,"Paper Princess (The Royals, #1)",
3879,"Just One Year (Just One Day, #2)",9780525426431
3927,"The King (Black Dagger Brotherhood, #12)",
3972,"Experiencing God: Knowing and Doing the Will of God, Workbook",
3976,The Whistler,9782709650700
3987,The Things We Wish Were True,
3994,The Basketball Diaries,9780553202403
3995,"Sin City, Vol. 4: That Yellow Bastard (Sin City, #4)",
4008,"Undeniable (Undeniable, #1)",
4011,"The Girl In The Ice (Detective Erika Foster, #1)",
4034,Time Enough for Love,9780425034712
4037,"An Invisible Thread: The True Story of an 11-Year-Old Panhandler, a Busy Sales Executive, and an Unlikely Meeting with Destiny",
4077,"The Gamble (Colorado Mountain, #1)",
4068,"Daddy-Long-Legs (Daddy-Long-Legs, #1)",
4086,"Crazy Little Thing (Bell Harbor, #1)",
4109,Making Faces,9781633920958
4123,When I'm Gone,
4132,"Tunnels of Blood (Cirque Du Freak, #3)",9781306769129
4144,Follow You Home,9781503944374
4161,"James Potter and the Hall of Elders'' Crossing (James Potter, #1)",
4176,All the Missing Girls,9781501146244
4185,"Fallen Crest High (Fallen Crest High, #1)",
4194,"Page (Protector of the Small, #2)",
4198,"Fight with Me (With Me in Seattle, #2)",
4208,"The Penderwicks: A Summer Tale of Four Sisters, Two Rabbits, and a Very Interesting Boy (The Penderwicks #1)",
4224,"Motorcycle Man (Dream Man, #4)",
4232,The Club Dumas,
4235,1919,
4241,"Reaper''s Property (Reapers MC, #1)",
4255,"A Torch Against the Night (An Ember in the Ashes, #2)",
4264,ذاكرة الجسد,
4300,The Ladies' Room,9780803476028
4312,"Eyes Wide Open (The Blackstone Affair, #3)",
4362,Summerland,9780316208109
4365,"Knight (Unfinished Hero, #1)",
4373,"Crashed (Driven, #3)",
4377,"12th of Never (Women''s Murder Club, #12)",
4409,"Predestined (Existence Trilogy, #2)",
4442,"Ruin (Ruin, #1)",
4448,"Charade (Games, #1)",
4461,"Nemesis Games (The Expanse, #5)",
4466,"Mine (Real, #2)",
4532,"The White Princess (The Plantagenet and Tudor Novels, #5)",
4564,"Checkmate (Neighbor from Hell, #3)",
4569,"Hardwired (Hacker, #1)",
4591,أنت لي,
4601,"Year of Yes: How to Dance It Out, Stand In the Sun and Be Your Own Person",
4623,"Timebound (The Chronos Files, #1)",
4625,"Twenty-Eight and a Half Wishes (Rose Gardner Mystery, #1)",
4637,"The Proposal (The Proposition, #2)",
4641,Fantastic Beasts and Where to Find Them: The Original Screenplay,9781510054585
4648,"Prince of Wolves (The Grey Wolves, #1)",
4662,"Simple Perfection (Rosemary Beach, #6; Perfection, #2)",
4673,"The Scarecrow (Jack McEvoy, #2)",
4676,1/4 جرام,
4708,BookRags Summary:  A Storm of Swords,
4736,The Dead Key,
4741,"Leave Me Breathless (Ross Siblings, #3)",
4742,"Play (Stage Dive, #2)",
4752,Stuck-Up Suit,9781951045210
4760,رحلتي من الشك إلى الإيمان,9789770810187
4764,"Beauty from Surrender (Beauty, #2)",
4778,The Holy Bible: English Standard Version,
4787,Life and Other Near-Death Experiences,9781503945623
4804,"The Air He Breathes (Elements, #1)",
4826,The Call of Cthulhu,9781798850466
4834,How to Build a Girl,9780091949006
4849,"Father Mine (Black Dagger Brotherhood, #6.5)",
4851,"Electric Daisy, Vol. 1 (Dengeki Daisy, #1)",
4853,The Einstein Prophecy,9781501247538
4866,White Nights,9780241252086
4878,"A Shade of Blood (A Shade of Vampire, #2)",
4896,"Never Never: Part Three (Never Never, #3)",
4903,"The Atlantis Plague (The Origin Mystery, #2)",
4929,"White Hot Kiss (The Dark Elements, #1)",
4935,28 حرف,
4969,Min kamp 1 (Min kamp #1),
4980,فوضى الحواس,
5021,"Own the Wind (Chaos, #1)",
5063,"Up to Me (The Bad Boys, #2)",
5064,"Waking Up Married (Waking Up, #1)",
5111,Bossman,9782755634761
5137,"Sweet Dreams (Colorado Mountain, #2)",
5170,"Play with Me (With Me in Seattle, #3)",
5172,"Second Chance Boyfriend (One Week Girlfriend, #2)",
5178,"The Hook Up (Game On, #1)",
5185,"Sand Omnibus (Sand, #1-5)",
5190,"Ceaseless (Existence Trilogy, #3)",
5219,Two By Two,9785171004576
5246,"Raw (RAW Family, #1)",
5250,"That Boy (That Boy, #1)",
5266,"Beautiful Bitch (Beautiful Bastard, #1.5)",
5272,"Until November (Until, #1)",
5279,My Heart and Other Black Holes,9781481533096
5296,The Chemist,9781945540189
5344,"A Game of Thrones: Comic Book, Issue 1",
5373,بيكاسو وستاربكس,
5379,Sleep Tight,9780957652231
5393,"The Initiate (Divergent, #0.2)",
5405,Percy Jackson's Greek Gods (A Percy Jackson and the Olympians Guide),
5441,House,9781595541550
5450,"Until You (Fall Away, #1.5)",
5451,Perahu Kertas,
5457,"Be with Me (Wait for You, #2)",
5466,"Take a Chance (Rosemary Beach, #7; Chance, #1)",
5471,What Got You Here Won't Get You There: How Successful People Become Even More Successful,
5477,"Edensor (Tetralogi Laskar Pelangi, #3)",
5500,Jacob Have I Loved,9780140329674
5503,"Maybe Not (Maybe, #1.5)",
5513,"Thief (Love Me with Lies, #3)",
5546,"Found in You (Fixed, #2)",
5555,"Jet (Marked Men, #2)",
5584,"Avoiding Commitment (Avoiding, #1)",
5638,"Law Man (Dream Man, #3)",
5644,"Dirty Red (Love Me with Lies, #2)",
5647,تاكسي: حواديت المشاوير,
5649,The Hating Game,9780062439598
5651,"Neanderthal Seeks Human (Knitting in the City, #1)",
5654,"Criminal (Will Trent, #6)",
5681,"Killers of the Dawn (Cirque Du Freak, #9)",9781417749546
8119,Falling into Place,9780062367884
5706,حبيبتي بكماء,
5727,"His Needs, Her Needs: Building an Affair-Proof Marriage",
5746,"Vain (The Seven Deadly, #1)",
5762,Abducted (Lizzy Gardner #1),
5807,The Mill River Recluse,9781410472090
5810,"The Secret Hour (Midnighters, #1)",
5821,"Rock with Me (With Me in Seattle, #4)",
5824,"Hardpressed (Hacker, #2)",
5830,Grimm's Fairy Tales,
5831,The Definitive Book of Body Language,9780752863856
5832,"Between the Lines (Between the Lines, #1)",
5841,The New Best Recipe,9780936184746
5847,"Black Butler, Vol. 3 (Black Butler, #3)",
5850,"Club Shadowlands (Masters of the Shadowlands, #1)",
5856,"Accordance (Significance, #2)",
5866,"Before Jamaica Lane (On Dublin Street, #3)",
5884,Norse Mythology,9781410499493
5888,"Bad Rep (Bad Rep, #1)",
5896,"Wild Man (Dream Man, #2)",
5904,"Seducing Cinderella (Fighting for Love, #1)",
5970,"The Unidentified Redhead (Redhead, #1)",
5987,Hidden,9780544264977
5990,الطنطورية,
6001,"Rock the Heart (Black Falcon, #1)",
6008,"Captive Prince (Captive Prince, #1)",
6015,"The Atlantis World (The Origin Mystery, #3)",
6016,"Embrace (The Violet Eden Chapters, #1)",
6026,"Trust in Me (Wait for You, #1.5)",
6031,Jasper Jones,9780375966668
6058,"Chrzest ognia (Saga o Wiedźminie, #5)",
6075,"The Mating  (Law of the Lycans, #2)",
6081,"The Fixed Trilogy (Fixed, #1-3)",
6091,"The Shadows (Black Dagger Brotherhood, #13)",
6098,"If I Were You (Inside Out, #1)",
6099,"Beautifully Damaged (Beautifully Damaged, #1)",
6100,"Wethering the Storm (The Storm, #2)",
6103,"Forever Black (Forever, #1)",
6115,"Revealed (House of Night, #11)",
6116,We're All Damaged,9781503933385
6127,Leo,9785041082352
6145,The Wall of Winnipeg and Me,9781515956075
6176,"Find You in the Dark (Find You in the Dark, #1)",
6198,النبطي,
6205,"Unbeautifully (Undeniable, #2)",
6206,The Girl With No Past,9781910751244
6208,"Lady Luck (Colorado Mountain, #3)",
6231,Killing Patton: The Strange Death of World War II's Most Audacious General,
6236,"First Shift: Legacy (Shift, #1)",
6268,"Beautiful Broken Rules (Broken, #1)",
6281,"The English Spy (Gabriel Allon, #15)",
6286,"The Bet (The Bet, #1)",
6289,Too Late,9781408729465
6303,"Sweet Home (Sweet Home, #1)",
6339,"Hearts in Darkness (Hearts in Darkness, #1)",
6358,The Sisterhood,9781491512432
6365,"Price of a Kiss (Forbidden Men, #1)",
6370,"Beautiful Sacrifice (The Maddox Brothers, #3)",
6412,"Reasonable Doubt: Volume 1 (Reasonable Doubt, #1)",
6415,"The Game Changer (The Perfect Game, #2)",
6424,"Bad Things (Tristan & Danika, #1)",
6432,Miramont's Ghost,9781477820469
6464,"Crush (Crush, #1)",
6473,The Glassblower,
6482,An Innocent Client,9781480030473
6493,"Axel (Corps Security, #1)",
6518,"Food Inc.: A Participant Guide: How Industrial Food is Making Us Sicker, Fatter, and Poorer-And What You Can Do About It",
6538,"The Master Magician (The Paper Magician Trilogy, #3)",
6542,"The Marriage Trap (Marriage to a Billionaire, #2)",
6584,"The One You Love (Emma Holden Suspense Mystery, #1)",
6625,The Yacoubian Building,
6646,"Silent Scream (D.I. Kim Stone, #1)",
6657,"More Than This (More Than, #1)",
6695,The Constant Gardener,9780743215565
6700,"Rush Too Far (Rosemary Beach, #4; Too Far, #4)",
6703,"A Hidden Fire (Elemental Mysteries, #1)",
6711,"Epilogue (The Dark Duet, #3)",
6739,"Breathe (Colorado Mountain, #4)",
6759,"Indebted (The Premonition, #3)",
6772,رباعيات خيام,
6783,"Fate (My Blood Approves, #2)",
6803,"Sometimes It Lasts (Sea Breeze, #5)",
6815,"The Fate of Ten (Lorien Legacies, #6)",
6849,"Bright Side (Bright Side, #1)",
6881,Better off Friends,9780545872119
6897,"Wrong (Wrong, #1)",
6899,"The Line (Witching Savannah, #1)",
6907,Never Knowing,9780312595685
6929,Terms of Enlistment (Frontlines #1),
6930,"Reaper''s Legacy (Reapers MC, #2)",
6940,"Her Final Breath (Tracy Crosswhite, #2)",
6960,"Creed (Unfinished Hero, #2)",
6964,Wake (Watersong #1),9781250008121
6965,A Dark Lure,9781477828731
6969,"The Mind Readers (Mind Readers, #1)",
6974,"Deep (Stage Dive, #4)",
6983,"Forever Mine (The Moreno Brothers, #1)",
7000,كخه يا بابا,
7004,Departure,9780008156862
7024,استمتع بحياتك,
7036,"A Shadow of Light (A Shade of Vampire, #4)",9781491231135
7043,نادي السيارات,
7051,"Forever with You (Fixed, #3)",
7061,"Beautiful Bombshell (Beautiful Bastard, #2.5)",
7067,"Hostile Witness (Witness Series, #1)",
7071,A Death in Sweden,9781503947870
7073,Loving Mr. Daniels,9781531876197
7084,"Hollywood Dirt (Hollywood Dirt, #1)",
7094,"No Man''s Land (John Puller, #4)",
7097,"Welcome to Shadowhunter Academy (Tales from the Shadowhunter Academy, #1)",
7108,The Pecan Man,9781483023038
7114,عابر سرير,
7134,"Blood Rites (The Grey Wolves, #2)",
7136,"Carter Reed (Carter Reed, #1)",
7163,"Twisted (Tangled, #2)",
7185,"Hero (Hero, #1)",
7196,The Baller: A Down and Dirty Football Novel,
7202,"Remy (Real, #3)",
7203,"Rock Chick Revenge (Rock Chick, #5)",
7213,"Shadow Prey (Lucas Davenport, #2)",
7219,"Deep Down (Jack Reacher, #16.5)",
7224,"Knight & Play (Knight, #1)",
7225,"Queen of Fire (Raven''s Shadow, #3)",
7240,"The Dry (Aaron Falk, #1)",
7255,"Surrender Your Love (Surrender Your Love, #1)",
7256,CyberStorm,9781482962246
7265,"Saint Odd (Odd Thomas, #7)",
7281,The Murders in the Rue Morgue,9798407267133
7294,محال,
7319,"Gunmetal Magic (Kate Daniels, #5.5)",
7320,"Half a War (Shattered Sea, #3)",
7321,"Rock Chick Renegade (Rock Chick, #4)",
7322,"The Marriage Mistake (Marriage to a Billionaire, #3)",
7368,"Captive Prince: Volume Two (Captive Prince, #2)",
7381,"Beautiful Beginning (Beautiful Bastard, #3.5)",
7391,"The Assassin and the Pirate Lord (Throne of Glass, #0.1)",
7415,"Rome (Marked Men, #3)",
7431,Mosquitoland,9780451470775
7432,The Perfect Son,9781477830048
7434,"Raid (Unfinished Hero, #3)",
7445,"Fire Inside (Chaos, #2)",
7450,ظل الأفعى,9789770930755
7461,"Tall, Tatted and Tempting (The Reed Brothers, #1)",
7472,السنجة,
7485,سینوهه,
7488,"Maid for Love (Gansett Island Series, #1)",
7510,"One More Chance (Rosemary Beach, #8; Chance, #2)",
7523,"Hogwarts: An Incomplete and Unreliable Guide (Pottermore Presents, #3)",
7530,"The Cellar (The Cellar, #1)",
7542,The Woman Who Stole My Life,
7555,Bone Gap,9780571332762
7567,"Negeri 5 Menara (Negeri 5 Menara, #1)",
7605,"Shock Wave (Virgil Flowers, #5)",
7621,"The Assassin and the Desert (Throne of Glass, #0.3)",
7679,"For You (The ''Burg, #1)",
7682,"Friend-Zoned (Friend-Zoned, #1)",
7693,How Google Works,9781444792492
7694,"Killing Sarai (In the Company of Killers, #1)",
7702,"The Law of Moses (The Law of Moses, #1)",
7705,"Fallen Crest Family (Fallen Crest High, #2)",
7712,"Special A, Vol. 1 (Special A, #1)",
7718,"Dark Challenge (Dark, #5)",
7760,"Damaged 2 (Damaged, #2)",
7773,"Three Dark Crowns (Three Dark Crowns, #1)",9789123969289
7803,Kindle User's Guide,
7790,الجزار,
7801,"Addicted to You (Addicted, #1)",
7806,Sadako and the Thousand Paper Cranes,9780613230292
7815,"The Friend Zone (Game On, #2)",
7821,Low Pressure,
7823,عائد إلى حيفا,
7870,"Fighting for Flight (Fighting, #1)",
7877,"Reasonable Doubt: Volume 2 (Reasonable Doubt, #2)",
7885,The Light of the Fireflies,
7903,"It Ain''t Me, Babe (Hades Hangmen, #1)",
7908,"Extreme Prey (Lucas Davenport, #26)",
7920,"Great by Choice: Uncertainty, Chaos, and Luck--Why Some Thrive Despite Them All",
7921,2BR02B,9781480216518
7930,Only the Innocent (DCI Tom Douglas #1),
7931,"The Walking Dead, Vol. 10: What We Become",
7933,"A Better World (Brilliance Saga, #2)",
7935,"A Leaf on the Wind of All Hallows (Outlander, #8.5)",
7936,Scoring Wilder,
7948,"Wired (Wired, #1)",
7954,"Happy, Happy, Happy",
7956,"Always You (Best Friend, #1)",
7962,"The Submissive (Submissive, #1)",
7973,"Where You Are (Between the Lines, #2)",
7993,"Secret History (Mistborn, #3.5)",
7999,"Safe with Me (With Me in Seattle, #5)",
8001,"Monster in His Eyes (Monster in His Eyes, #1)",
8017,Don't Let Me Go,9781444810844
8041,"The Son (Divergent, #0.3)",
8056,"1Q84 #1-2 (1Q84, #1-2)",
8058,"Rock Chick Reckoning (Rock Chick, #6)",
8063,"Stranger Child (DCI Tom Douglas, #4)",
8086,"Someone to Love (Someone to Love, #1)",
8089,"Until Trevor (Until, #2)",
8108,"The Last Girl (The Dominion Trilogy, #1)",
8113,"A Quest of Heroes (The Sorcerer''s Ring, #1)",
8118,The Prettiest One,
8129,Vanished (Callahan & McLane #1),
8137,F*ck Love,9781522778158
8138,The Danish Girl,9789863442295
8144,Hidden (Bone Secrets. #1),
8145,Punk 57,9781952646041
8147,Nikola Tesla: Imagination and the Man That Invented the 20th Century,
8155,"The Hedge Knight (The Tales of Dunk and Egg, #1)",
8164,"Endless Knight (The Arcana Chronicles, #2)",
8178,"Broken Silence (Silence, #2)",
8204,"The Unwanted Wife (Unwanted, #1)",
8205,"Royally Screwed (Royally, #1)",
8209,رجال في الشمس,
8224,How to Be Both,9780375424106
8247,واحة الغروب,
8252,"Feral Sins (The Phoenix Pack, #1)",
8263,2 ضباط,
8293,"Sincerely, Carter (Sincerely Carter, #1)",
8297,Long Time Coming,9781480262669
8299,High Heat (Jack Reacher #17.5),
8307,One Lavender Ribbon,9781477823149
8315,The Mermaid's Sister,9781477820889
8344,"Dominic (Slater Brothers, #1)",
8353,A Long Way Home,9781405912938
8359,UR,9781442303096
8363,"The Assassin and the Empire (Throne of Glass, #0.5)",
8364,"Misbehaving (Sea Breeze, #6)",
8372,Daun Yang Jatuh Tak Pernah Membenci Angin,9789792257809
8381,"Truthwitch (The Witchlands, #1)",
8391,"Endure (Need, #4)",9781599905549
8392,"Kaleidoscope Hearts (Hearts, #1)",
8394,"Cage (Corps Security, #2)",
8395,Mud Vein,9781522664314
8426,"A Blaze of Sun (A Shade of Vampire, #5)",
8436,Obsession,9781473615922
8441,قمر على سمرقند,
8442,"Convicted (Consequences, #3)",
8447,المرحوم,
8453,Where There's Smoke,9781444799897
8459,"Six''s Legacy (Lorien Legacies: The Lost Files, #1)",
8466,ليتها تقرأ,
8480,"Maryamah Karpov: Mimpi-mimpi Lintang (Tetralogi Laskar Pelangi, #4)",
8494,"Into the Deep (Into the Deep, #1)",
8500,"Stone Cold Touch (The Dark Elements, #2)",
8511,"Incendiary (The Premonition, #4)",
8512,Battlefield Earth: A Saga of the Year 3000,9781900944885
8518,"At Peace (The ''Burg, #2)",
8520,Last Train to Istanbul,
8538,Stupeur et tremblements,9780312347321
8551,"The Queen''s Poisoner (Kingfountain, #1)",
8576,Killing Reagan: The Violent Assault That Changed a Presidency,
8583,The Sister,9781786810021
8587,"The Shadow Throne (The Ascendance Trilogy, #3)",
8603,"Accidentally on Purpose (Accidentally on Purpose, #1)",
8614,"Dawn of Wonder (The Wakening, #1)",
8616,أقوم قيلا,
8622,"Just One Drop (The Grey Wolves, #3)",
8629,"The Look of Love (San Francisco Sullivans, #1; The Sullivans, #1)",
8642,"Rival (Fall Away, #2)",
8646,"Spying in High Heels (High Heels, #1)",
8664,"Empire of the Sun (Empire of the Sun, #1)",
8668,"The Assassin and the Underworld (Throne of Glass, #0.4)",
8678,"Curtsies & Conspiracies (Finishing School, #2)",9780316190114
8684,"The Billionaire''s Obsession ~ Simon (The Billionaire''s Obsession, #1)",
8713,"Evelyn, After",9781503938717
8825,The Color of Secrets,9781477828434
8744,The Pact,9781505724523
8748,رأيت رام الله,
8755,"The Sworn Sword (The Tales of Dunk and Egg, #2)",
8757,The Complete Works of H.P. Lovecraft,9781774378762
8770,"The Keeping (Law of the Lycans, #3)",
8808,"Wisdom (My Blood Approves, #4)",
8810,"Defy (Defy, #1)",
8813,The Misremembered Man (Tailorstown #1),
8821,The Story of a Shipwrecked Sailor,9781665039833
8834,True Love Story,9781482319057
8835,The Moonlit Garden,9781503950641
8839,"Hidden Bodies (You, #2)",
8852,"Wildest Dreams (Fantasyland, #1)",
8889,"Beautiful Burn (The Maddox Brothers, #4)",
8892,Wait for It,9780990429258
8911,"The Blood Mirror (Lightbringer, #4)",
8918,"Rock Chick Revolution (Rock Chick, #8)",
8941,"Cross My Heart (Cross My Heart, #1)",
8952,"Take This Regret (Take This Regret, #1)",
8954,The Girl You Lost,9781910751718
8955,Willing Captive,9781500749750
8959,"Radiance (Wraith Kings, #1)",
8970,"Falling Free (Vorkosigan Saga, #4)",
8991,"Fallen Crest Public (Fallen Crest High, #3)",
9009,My Life with the Walter Boys (My Life with the Walter Boys #1),
9012,The Husband's Secret Free Preview,
9027,"The Will (Magdalene, #1)",
9030,"The Billionaire Wins the Game (Billionaire Bachelors, #1)",
9035,"Wrong Bed, Right Guy (Come Undone, #1)",
9039,حول العالم في 200 يوم,
9041,"Unattainable (Undeniable, #3)",
9067,"The Golden Dynasty (Fantasyland, #2)",
9089,"The Arrangement: The Ferro Family (The Arrangement, #1)",
9090,Winter in Tokyo,9789792239836
9099,"Until Lilly (Until, #3)",
9101,"Try Me (One Night with Sole Regret, #1)",
9105,"Connected (Connections, #1)",
9108,"Taking Shots (Assassins, #1)",
9109,"Sweet Addiction (Sweet Addiction, #1)",
9122,"Fall From Grace (Mad World, #1)",
9136,The Shadowhunter's Codex,9781406365467
9164,"Skin Deep (Legion, #2)",
9165,"Wicked (A Wicked Saga, #1)",
9167,"Where I Belong (Alabama Summer, #1)",
9174,"Captured (The Captive, #1)",
9181,The Girl from Krakow,
9207,Emmy & Oliver,9781471144134
9221,رغم الفراق,
9224,Broken Grace,9781503946187
9226,I Am Livia,9781477848821
9235,"Second Shift: Order (Shift, #2)",
9244,"Fire Burn and Cauldron Bubble (Jolie Wilkins, #1)",
9248,"First to Kill (Nathan McBride, #1)",
9257,"The Mystery Knight (The Tales of Dunk and Egg, #3)",
9261,Kulti,9781494512729
9266,"Witches of East End (The Beauchamp Family, #1)",
9269,"Worth the Fight (MMA Fighter, #1)",
9278,"In the Clearing (Tracy Crosswhite, #3)",
9328,"The Boyfriend Thief (Stolen Kiss, #1)",
9332,"The Vision (Fallen Star, #3)",
9345,Diary ng Panget,
9349,"A Modern Witch (A Modern Witch, #1)",
9351,"Shine Not Burn (Shine Not Burn, #1)",
9370,Heart on a Chain,9781458186188
9373,Wishin' and Hopin',9780061941009
9411,"The Midwife''s Revolt (The Midwife Series, #1)",
9412,"Bound by Honor (Born in Blood Mafia Chronicles, #1)",
9413,Anti-Stepbrother,9781682307557
9420,"Knight & Stay (Knight, #2)",
9426,"Maid for the Billionaire (Legacy Collection, #1)",
9445,بضع ساعات في يوم ما,
9467,"Night Owl (Night Owl, #1)",
9474,"Head Over Heels (Lucky Harbor, #3)",
9485,"The Beggar King (The Hangman''s Daughter, #3)",
9486,"Fifty Shades Duo: Fifty Shades Darker / Fifty Shades Freed (Fifty Shades, #2-3)",
9517,In the Miso Soup,
9535,"Until Nico (Until, #4)",
9540,In the Penal Colony,9781731464415
9548,"Vicious (Sinners of Saint, #1)",
9555,شاب كشك في رحلة البحث عن الجادون,
9558,"Reasonable Doubt: Volume 3 (Reasonable Doubt, #3)",
9570,المانيفستو,
9572,Love Left Behind,9781480503748
9610,"'حكايات فرغلي المستكاوي '""حكايتى مع كفر السحلاوية""",
9619,"Bad Romeo (Starcrossed, #1)",
9631,"Holy Blood, Holy Grail",9780099682417
9644,"My Lady Jane (The Lady Janies, #1)",
9646,"Blood Defense (Samantha Brinkman, #1)",
9674,After Anna,9780008150914
9683,صانع الظلام,
9685,Cape Fear,9780747537762
9697,"The Finding (Law of the Lycans, #5)",
9703,"Hard Limit (Hacker, #4)",
9705,The Lake (The Lake Trilogy #1),
9706,"Jake Undone (Jake, #1)",
9713,"The Wild Ones (The Wild Ones, #1)",
9725,"UnDivided (Unwind, #4)",
9735,"Lines of Departure (Frontlines, #2)",
9770,مخطوطة بن إسحاق: مدينة الموتى,
9777,Half Way Home,9780358211587
9782,"The Remaining (The Remaining, #1)",
9799,"The Space Between (Outlander, #7.5)",
9801,Zoya,9788497599764
9816,Neighbor Dearest,9781535036573
9825,Trouble,9781493752652
9829,طه الغريب,
9836,"Tyrant (King, #2)",
9840,Crooked Little Lies,9781511359405
9844,"Life Before Legend: Stories of the Criminal and the Prodigy (Legend, #0.5)",
9850,The Egg,
9869,"Then Came You (The Gamblers, #1)",
9872,The Versions of Us,9780544634244
9877,"Trumps of Doom (The Chronicles of Amber, #6)",
9893,Open Road Summer,9780802738011
9895,"Dirty English (English, #1)",
9900,Guts,
9904,"Hard as It Gets (Hard Ink, #1)",
9913,A Thousand Boy Kisses,9781504757638
9929,زغازيغ,9789778200232
9945,"Rock Bottom (Tristan & Danika, #2)",
9959,"Proper Gauge (Wool, #2)",
9967,الحرافيش,9789770915226
9971,"The Tycoon''s Revenge (Baby for the Billionaire, #1)",
9989,"Out of the Dark (The Grey Wolves, #4)",
